date,GDPC1,PCEC96,CPIAUCSL,UNRATE,FEDFUNDS,INDPRO,RRSFS,CMRMTSPL,HOUST,PERMIT,DGORDER,PAYEMS,CIVPART,AWHAETP,CES0500000003,CPILFESL,PCEPI,PCEPILFE,PPIFIS,GS10,BAA10Y,M2SL
2009-11-01,,11109.4,217.234,9.9,0.12,88.0221,155280.0,1097236.0,588.0,623.0,160419.0,130057.0,65.0,33.9,22.34,220.666,89.887,89.16,100.2,3.4,2.99,8517.0
2009-12-01,16502.754,11177.3,217.347,9.9,0.12,88.3793,155850.0,1100924.0,581.0,664.0,160520.0,129808.0,64.6,33.9,22.37,220.881,89.939,89.236,100.3,3.59,2.54,8512.2
2010-01-01,,11156.8,217.488,9.8,0.11,89.3426,155913.0,1097775.0,614.0,636.0,181016.0,129802.0,64.8,34.0,22.4,220.633,90.136,89.368,101.2,3.73,2.57,8477.7
2010-02-01,,11198.6,217.281,9.8,0.13,89.6779,156286.0,1105025.0,604.0,650.0,180450.0,129706.0,64.9,33.8,22.46,220.731,90.134,89.446,101.0,3.69,2.62,8527.3
2010-03-01,16582.71,11252.1,217.353,9.9,0.16,90.2928,159636.0,1119036.0,636.0,687.0,182148.0,129866.0,64.9,34.0,22.46,220.783,90.261,89.579,101.1,3.73,2.47,8523.5
2010-04-01,,11275.1,217.403,9.9,0.2,90.5991,160931.0,1129045.0,687.0,637.0,182948.0,130120.0,65.2,34.1,22.49,220.822,90.31,89.625,101.4,3.85,2.38,8554.8
2010-05-01,,11303.2,217.29,9.6,0.2,91.823,159629.0,1125510.0,583.0,575.0,189932.0,130642.0,64.9,34.2,22.51,220.962,90.339,89.724,101.6,3.42,2.89,8609.0
2010-06-01,16743.162,11330.6,217.199,9.4,0.18,91.9928,159538.0,1136355.0,536.0,587.0,185667.0,130510.0,64.6,34.1,22.53,221.194,90.301,89.767,101.4,3.2,3.08,8628.1
2010-07-01,,11361.7,217.605,9.4,0.18,92.3421,159744.0,1145984.0,546.0,579.0,187506.0,130415.0,64.6,34.2,22.59,221.363,90.378,89.769,101.6,3.01,2.91,8639.5
2010-08-01,,11389.2,217.923,9.5,0.19,92.6805,160235.0,1146566.0,599.0,580.0,191745.0,130415.0,64.7,34.2,22.62,221.509,90.502,89.855,101.8,2.7,3.01,8687.9
2010-09-01,16872.266,11399.9,218.275,9.5,0.19,92.9537,161346.0,1146388.0,594.0,563.0,201932.0,130341.0,64.6,34.3,22.67,221.711,90.592,89.906,102.1,2.65,3.05,8718.7
2010-10-01,,11428.9,219.035,9.4,0.19,92.6903,162629.0,1152306.0,543.0,558.0,193066.0,130620.0,64.4,34.3,22.73,221.83,90.881,90.043,102.5,2.54,3.15,8768.4
2010-11-01,,11458.0,219.59,9.8,0.19,92.7709,163691.0,1155595.0,545.0,560.0,197202.0,130749.0,64.6,34.2,22.73,222.149,91.062,90.16,102.8,2.76,3.03,8789.0
2010-12-01,16960.864,11473.2,220.472,9.3,0.18,93.6787,164184.0,1157650.0,539.0,632.0,193452.0,130830.0,64.3,34.3,22.76,222.343,91.268,90.179,103.1,3.29,2.68,8823.2
2011-01-01,,11486.0,221.187,9.1,0.17,93.4814,164745.0,1171839.0,630.0,576.0,203636.0,130837.0,64.2,34.2,22.87,222.803,91.542,90.372,103.7,3.39,2.68,8849.0
2011-02-01,,11482.8,221.898,9.0,0.16,93.1102,165605.0,1155055.0,517.0,542.0,196393.0,131057.0,64.1,34.3,22.87,223.213,91.797,90.53,104.3,3.58,2.57,8913.3
2011-03-01,16920.632,11522.6,223.046,9.0,0.14,94.0788,166233.0,1168286.0,600.0,583.0,212748.0,131283.0,64.2,34.3,22.87,223.454,92.166,90.667,105.0,3.41,2.58,8971.5
2011-04-01,,11508.9,224.093,9.1,0.1,93.7749,166368.0,1164024.0,554.0,581.0,200733.0,131597.0,64.2,34.4,22.91,223.727,92.557,90.875,105.5,3.46,2.58,9035.1
2011-05-01,,11495.6,224.806,9.0,0.09,93.888,165701.0,1154888.0,561.0,618.0,207170.0,131703.0,64.1,34.4,22.97,224.175,92.838,91.091,105.8,3.17,2.65,9107.8
2011-06-01,17035.114,11522.3,224.806,9.1,0.09,94.172,167072.0,1166558.0,608.0,636.0,201579.0,131931.0,64.0,34.3,23.0,224.697,92.819,91.191,105.9,3.0,2.72,9182.1
2011-07-01,,11542.3,225.395,9.0,0.07,94.636,166571.0,1171851.0,623.0,621.0,206458.0,131992.0,64.0,34.4,23.11,225.218,92.977,91.326,106.1,3.0,2.77,9344.2
2011-08-01,,11535.3,226.106,9.0,0.1,95.2749,166232.0,1180548.0,585.0,647.0,216705.0,132125.0,64.1,34.3,23.06,225.862,93.196,91.508,106.3,2.3,3.25,9531.0
2011-09-01,17031.313,11554.3,226.597,9.0,0.08,95.1961,167717.0,1172878.0,650.0,610.0,204738.0,132344.0,64.2,34.4,23.11,226.118,93.327,91.57,106.7,1.98,3.3,9551.5
2011-10-01,,11575.1,226.75,8.8,0.07,95.8568,168559.0,1187685.0,610.0,671.0,210799.0,132553.0,64.1,34.5,23.18,226.506,93.329,91.614,106.3,2.15,3.02,9584.4
2011-11-01,,11555.7,227.169,8.6,0.08,95.8485,168783.0,1183388.0,711.0,706.0,215531.0,132690.0,64.1,34.4,23.19,226.899,93.52,91.808,106.6,2.01,3.24,9636.5
2011-12-01,17222.583,11560.9,227.223,8.5,0.07,96.3571,168990.0,1193759.0,694.0,697.0,223835.0,132888.0,64.0,34.4,23.22,227.405,93.574,91.96,106.5,1.98,3.27,9683.9
2012-01-01,,11605.5,227.842,8.3,0.08,96.9318,170088.0,1200818.0,723.0,712.0,226295.0,133246.0,63.7,34.5,23.26,227.877,93.894,92.235,106.9,1.97,3.24,9757.6
2012-02-01,,11675.8,228.329,8.3,0.1,97.2435,171818.0,1205143.0,704.0,738.0,226783.0,133509.0,63.8,34.5,23.28,228.034,94.104,92.364,107.2,1.97,3.1,9809.8
2012-03-01,17367.01,11660.5,228.807,8.2,0.13,96.74,172066.0,1204027.0,695.0,806.0,221729.0,133748.0,63.8,34.5,23.36,228.478,94.284,92.521,107.4,2.17,3.07,9853.9
2012-04-01,,11671.4,229.187,8.2,0.14,97.4359,171071.0,1207954.0,753.0,732.0,218445.0,133825.0,63.7,34.4,23.39,228.905,94.408,92.661,107.7,2.05,3.2,9907.7
2012-05-01,,11672.0,228.713,8.2,0.16,97.6609,171121.0,1211617.0,708.0,796.0,219486.0,133932.0,63.7,34.3,23.41,229.224,94.302,92.755,107.6,1.8,3.4,9951.4
2012-06-01,17444.525,11659.9,228.524,8.2,0.16,97.6663,169742.0,1208240.0,757.0,794.0,217930.0,134013.0,63.8,34.4,23.46,229.623,94.254,92.85,107.3,1.62,3.39,10021.6
2012-07-01,,11684.4,228.59,8.2,0.16,97.8713,170474.0,1210539.0,740.0,849.0,222851.0,134157.0,63.7,34.4,23.49,229.97,94.288,92.946,107.2,1.53,3.27,10074.5
2012-08-01,,11686.7,229.918,8.1,0.13,97.4525,171593.0,1209461.0,754.0,840.0,200405.0,134339.0,63.5,34.4,23.48,230.233,94.605,93.005,107.5,1.68,3.21,10145.6
2012-09-01,17469.65,11703.2,231.015,7.8,0.14,97.381,172145.0,1211283.0,847.0,930.0,216864.0,134517.0,63.6,34.4,23.57,230.659,94.893,93.119,108.2,1.72,3.07,10226.1
2012-10-01,,11702.3,231.638,7.8,0.16,97.7193,171601.0,1206602.0,915.0,887.0,218355.0,134669.0,63.8,34.4,23.56,231.024,95.174,93.345,108.3,1.75,2.73,10292.4
2012-11-01,,11753.4,231.249,7.7,0.16,98.0777,172847.0,1228837.0,833.0,917.0,217176.0,134825.0,63.6,34.4,23.63,231.33,95.109,93.445,108.4,1.65,2.95,10361.9
2012-12-01,17489.852,11758.3,231.221,7.9,0.16,98.3101,173467.0,1233388.0,976.0,941.0,231169.0,135074.0,63.7,34.5,23.72,231.725,95.094,93.514,108.4,1.72,2.85,10484.1
2013-01-01,,11810.6,231.679,8.0,0.14,98.3342,174567.0,1237216.0,888.0,940.0,223063.0,135257.0,63.7,34.4,23.74,232.229,95.275,93.703,108.7,1.91,2.82,10508.1
2013-02-01,,11808.6,232.937,7.7,0.15,98.7941,175635.0,1242279.0,962.0,980.0,234445.0,135546.0,63.4,34.5,23.78,232.569,95.614,93.805,108.9,1.98,2.89,10527.5
2013-03-01,17662.4,11823.8,232.282,7.5,0.14,99.1921,174884.0,1235591.0,1010.0,936.0,217480.0,135689.0,63.3,34.5,23.8,232.794,95.488,93.891,108.9,1.96,2.96,10583.8
2013-04-01,,11826.4,231.797,7.6,0.15,99.1065,174390.0,1233842.0,835.0,1012.0,226467.0,135873.0,63.4,34.4,23.87,232.832,95.391,93.937,108.7,1.76,2.83,10611.3
2013-05-01,,11860.1,231.893,7.5,0.11,99.1839,175373.0,1247803.0,930.0,1003.0,236942.0,136096.0,63.4,34.4,23.89,232.996,95.461,94.047,108.6,1.93,2.79,10646.1
2013-06-01,17709.671,11857.7,232.445,7.5,0.09,99.3897,175491.0,1243929.0,839.0,942.0,246567.0,136279.0,63.4,34.5,23.96,233.35,95.673,94.209,109.0,2.3,2.83,10703.3
2013-07-01,,11872.3,232.9,7.3,0.09,99.0814,176156.0,1244157.0,880.0,997.0,220831.0,136391.0,63.3,34.4,23.98,233.88,95.792,94.329,109.2,2.58,2.68,10742.8
2013-08-01,,11890.3,233.456,7.2,0.08,99.6543,175490.0,1249320.0,917.0,964.0,224721.0,136646.0,63.3,34.5,24.02,234.336,95.934,94.431,109.3,2.74,2.56,10801.2
2013-09-01,17860.45,11926.1,233.544,7.2,0.08,100.161,175575.0,1253661.0,850.0,1004.0,237493.0,136821.0,63.2,34.4,24.06,234.7,95.976,94.543,109.3,2.81,2.75,10862.0
2013-10-01,,11964.6,233.669,7.2,0.09,100.082,176061.0,1260475.0,925.0,1044.0,231736.0,137041.0,62.8,34.4,24.09,234.921,96.103,94.703,109.5,2.62,2.65,10986.3
2013-11-01,,12013.7,234.1,6.9,0.08,100.3158,176233.0,1275801.0,1100.0,1029.0,243831.0,137317.0,63.0,34.4,24.16,235.359,96.246,94.86,109.7,2.72,2.61,10995.6
2013-12-01,18016.147,12024.7,234.719,6.7,0.09,100.5175,176727.0,1270949.0,1002.0,1005.0,238481.0,137372.0,62.9,34.4,24.18,235.759,96.414,94.961,109.8,2.9,2.33,11060.1
2014-01-01,,11985.0,235.288,6.6,0.07,100.1599,174918.0,1258055.0,888.0,976.0,224538.0,137561.0,62.9,34.4,24.22,235.961,96.614,95.064,110.1,2.86,2.4,11130.8
2014-02-01,,12039.4,235.547,6.7,0.07,100.9168,176923.0,1268722.0,944.0,1039.0,231380.0,137712.0,62.9,34.3,24.33,236.185,96.66,95.109,110.3,2.71,2.35,11196.8
2014-03-01,17953.974,12108.3,236.028,6.7,0.08,101.8942,178466.0,1279006.0,970.0,1067.0,235485.0,137985.0,63.1,34.5,24.31,236.625,96.815,95.25,110.7,2.72,2.26,11232.6
2014-04-01,,12128.1,236.468,6.2,0.09,101.9928,179959.0,1280443.0,1043.0,1090.0,237317.0,138298.0,62.8,34.5,24.34,237.072,96.987,95.413,110.8,2.71,2.16,11277.7
2014-05-01,,12154.5,236.918,6.3,0.09,102.3836,179916.0,1283964.0,1007.0,1018.0,234459.0,138513.0,62.9,34.5,24.4,237.529,97.147,95.574,111.0,2.56,2.22,11342.8
2014-06-01,18185.911,12197.1,237.231,6.1,0.1,102.735,180122.0,1283791.0,911.0,1010.0,237501.0,138849.0,62.8,34.5,24.46,237.837,97.253,95.682,110.9,2.6,2.18,11398.1
2014-07-01,,12223.6,237.498,6.2,0.09,102.9632,180245.0,1291656.0,1085.0,1076.0,300114.0,139072.0,62.9,34.5,24.48,238.195,97.391,95.848,111.3,2.54,2.17,11453.0
2014-08-01,,12306.5,237.46,6.1,0.09,102.7688,181664.0,1294102.0,984.0,1047.0,236400.0,139269.0,62.9,34.6,24.54,238.405,97.379,95.885,111.3,2.42,2.23,11477.3
2014-09-01,18406.941,12310.2,237.477,5.9,0.09,103.0641,181150.0,1293829.0,1023.0,1077.0,236112.0,139563.0,62.8,34.5,24.56,238.786,97.413,96.013,111.1,2.53,2.29,11519.1
2014-10-01,,12389.1,237.43,5.7,0.09,103.0764,181908.0,1295747.0,1074.0,1094.0,233072.0,139798.0,62.9,34.6,24.59,239.191,97.384,96.096,111.3,2.3,2.39,11593.1
2014-11-01,,12420.6,236.983,5.8,0.09,103.7126,182761.0,1298950.0,1001.0,1059.0,228727.0,140089.0,62.9,34.6,24.66,239.458,97.291,96.181,111.1,2.33,2.52,11634.2
2014-12-01,18500.031,12455.1,236.252,5.6,0.12,103.7044,182056.0,1306392.0,1073.0,1072.0,225104.0,140364.0,62.8,34.6,24.63,239.584,97.12,96.249,110.8,2.21,2.51,11717.6
2015-01-01,,12484.7,234.747,5.7,0.11,102.8905,182413.0,1308978.0,1085.0,1049.0,225739.0,140568.0,62.9,34.5,24.74,239.811,96.654,96.214,110.1,1.88,2.61,11805.2
2015-02-01,,12514.1,235.342,5.5,0.11,102.2335,181489.0,1303724.0,886.0,1127.0,217321.0,140827.0,62.7,34.6,24.79,240.172,96.825,96.324,109.6,1.98,2.46,11922.8
2015-03-01,18666.621,12551.8,235.976,5.4,0.11,101.8914,183767.0,1310961.0,960.0,1072.0,230136.0,140923.0,62.6,34.5,24.85,240.755,97.008,96.47,109.8,2.04,2.55,11920.5
2015-04-01,,12574.8,236.222,5.4,0.12,101.3355,183924.0,1321167.0,1190.0,1166.0,225656.0,141196.0,62.8,34.5,24.89,241.346,97.094,96.648,109.6,1.94,2.6,11954.6
2015-05-01,,12612.7,237.001,5.6,0.12,100.8883,184752.0,1307579.0,1079.0,1272.0,218316.0,141538.0,62.9,34.5,24.97,241.688,97.327,96.766,110.0,2.2,2.72,11982.6
2015-06-01,18782.243,12621.6,237.657,5.3,0.13,100.571,184279.0,1309833.0,1205.0,1379.0,228948.0,141709.0,62.7,34.5,24.97,242.064,97.516,96.882,110.3,2.36,2.83,12023.2
2015-07-01,,12668.4,238.034,5.2,0.13,101.2228,185663.0,1313431.0,1146.0,1140.0,228347.0,141991.0,62.6,34.6,25.01,242.565,97.605,96.978,110.5,2.32,2.94,12067.0
2015-08-01,,12699.7,238.033,5.1,0.14,101.0367,185625.0,1315072.0,1130.0,1165.0,222335.0,142125.0,62.6,34.6,25.1,242.817,97.612,97.056,110.3,2.17,3.15,12112.0
2015-09-01,18857.418,12707.2,237.498,5.0,0.14,100.7547,185209.0,1327948.0,1224.0,1144.0,217744.0,142275.0,62.4,34.5,25.11,243.316,97.477,97.196,109.9,2.17,3.29,12173.9
2015-10-01,,12715.9,237.733,5.0,0.12,100.2675,184532.0,1325144.0,1058.0,1160.0,226517.0,142579.0,62.5,34.5,25.2,243.768,97.477,97.228,109.6,2.07,3.19,12225.2
2015-11-01,,12737.0,238.017,5.1,0.12,99.5298,184988.0,1322511.0,1172.0,1244.0,224319.0,142808.0,62.5,34.5,25.25,244.241,97.538,97.332,109.7,2.26,3.2,12317.0
2015-12-01,18892.206,12777.3,237.761,5.0,0.24,99.0417,185964.0,1320606.0,1146.0,1211.0,217570.0,143077.0,62.7,34.5,25.25,244.547,97.456,97.396,109.6,2.24,3.23,12387.9
2016-01-01,,12798.7,237.652,4.8,0.34,99.5607,184920.0,1321509.0,1092.0,1171.0,228982.0,143210.0,62.7,34.6,25.37,244.955,97.496,97.567,110.0,2.09,3.48,12518.5
2016-02-01,,12884.0,237.336,4.9,0.38,99.0445,186705.0,1332078.0,1225.0,1172.0,216792.0,143406.0,62.8,34.4,25.38,245.51,97.445,97.736,109.7,1.78,3.55,12603.9
2016-03-01,19001.69,12836.1,238.08,5.0,0.36,98.3096,185591.0,1332612.0,1111.0,1118.0,218388.0,143662.0,63.0,34.4,25.45,245.913,97.673,97.876,109.7,1.89,3.12,12661.8
2016-04-01,,12870.2,238.992,5.1,0.37,98.6421,185887.0,1331387.0,1163.0,1160.0,229837.0,143854.0,62.9,34.4,25.53,246.551,97.993,98.117,109.9,1.81,2.86,12743.2
2016-05-01,,12891.2,239.557,4.8,0.37,98.4184,185964.0,1323914.0,1148.0,1205.0,223117.0,143900.0,62.7,34.4,25.58,247.137,98.153,98.284,110.1,1.81,2.84,12802.0
2016-06-01,19062.709,12948.6,240.222,4.9,0.38,98.8833,187425.0,1331850.0,1203.0,1208.0,206910.0,144147.0,62.7,34.4,25.62,247.54,98.325,98.386,110.6,1.64,2.92,12852.5
2016-07-01,,12972.2,240.101,4.8,0.39,98.9992,187333.0,1330786.0,1239.0,1198.0,216155.0,144520.0,62.8,34.5,25.69,247.829,98.342,98.529,110.5,1.5,2.71,12911.9
2016-08-01,,12986.1,240.545,4.9,0.4,98.85,187053.0,1340941.0,1171.0,1201.0,217584.0,144661.0,62.9,34.3,25.71,248.423,98.479,98.703,110.3,1.56,2.61,12989.7
2016-09-01,19197.938,13020.9,241.176,5.0,0.4,98.7457,187853.0,1342844.0,1068.0,1303.0,217396.0,144967.0,62.9,34.4,25.77,248.842,98.666,98.834,110.6,1.63,2.69,13054.9
2016-10-01,,13014.9,241.741,4.9,0.4,98.7611,187741.0,1344497.0,1313.0,1254.0,233461.0,145065.0,62.8,34.4,25.9,249.142,98.868,98.961,110.9,1.76,2.61,13122.8
2016-11-01,,13036.8,242.026,4.7,0.41,98.3491,187539.0,1345017.0,1140.0,1230.0,216353.0,145183.0,62.7,34.4,25.9,249.481,98.901,99.005,111.1,2.14,2.45,13208.7
2016-12-01,19304.352,13128.5,242.637,4.7,0.54,99.0214,189297.0,1361415.0,1252.0,1248.0,219525.0,145408.0,62.7,34.4,25.93,249.92,99.071,99.12,111.4,2.49,2.28,13234.9
2017-01-01,,13136.3,243.618,4.7,0.65,98.7611,190631.0,1365202.0,1190.0,1303.0,219277.0,145628.0,62.8,34.4,26.0,250.467,99.451,99.385,111.9,2.43,2.23,13315.7
2017-02-01,,13143.4,244.006,4.6,0.66,98.3646,190276.0,1363025.0,1271.0,1234.0,221514.0,145846.0,62.9,34.3,26.07,250.998,99.586,99.561,111.9,2.42,2.19,13394.8
2017-03-01,19398.343,13201.7,243.892,4.4,0.79,99.0137,190114.0,1360169.0,1190.0,1272.0,222944.0,145970.0,62.9,34.3,26.11,250.944,99.535,99.519,112.1,2.48,2.24,13463.6
2017-04-01,,13206.1,244.193,4.4,0.9,100.0224,190536.0,1355381.0,1146.0,1251.0,224150.0,146175.0,63.0,34.4,26.18,251.227,99.725,99.723,112.6,2.3,2.28,13521.7
2017-05-01,,13214.5,244.004,4.4,0.91,100.1408,189650.0,1360858.0,1157.0,1208.0,222292.0,146380.0,62.8,34.4,26.21,251.43,99.682,99.803,112.5,2.3,2.23,13568.9
2017-06-01,19506.949,13256.7,244.163,4.3,1.04,100.3471,190500.0,1365370.0,1249.0,1353.0,236980.0,146583.0,62.8,34.4,26.26,251.746,99.766,99.937,112.6,2.19,2.09,13580.5
2017-07-01,,13290.1,244.243,4.3,1.15,100.1068,190421.0,1370870.0,1206.0,1256.0,217739.0,146772.0,62.9,34.4,26.35,251.985,99.803,100.01,112.7,2.32,2.06,13643.1
2017-08-01,,13291.7,245.183,4.4,1.16,99.6925,190070.0,1378509.0,1159.0,1319.0,221312.0,146919.0,62.9,34.4,26.37,252.535,100.027,100.118,113.1,2.21,2.14,13697.7
2017-09-01,19660.766,13364.4,246.435,4.3,1.15,99.7954,193042.0,1385196.0,1181.0,1273.0,228782.0,147008.0,63.1,34.4,26.49,252.812,100.4,100.24,113.5,2.2,2.0,13745.1
2017-10-01,,13377.0,246.626,4.2,1.15,101.0247,193048.0,1393064.0,1257.0,1356.0,228333.0,147149.0,62.7,34.4,26.5,253.526,100.531,100.486,113.9,2.36,1.91,13800.1
2017-11-01,,13450.3,247.284,4.2,1.16,101.2664,194493.0,1403474.0,1273.0,1299.0,230235.0,147372.0,62.7,34.5,26.54,253.816,100.675,100.535,114.3,2.35,1.88,13843.5
2017-12-01,19882.352,13555.4,247.805,4.1,1.3,101.4644,195148.0,1412747.0,1177.0,1311.0,241711.0,147523.0,62.7,34.5,26.63,254.344,100.821,100.683,114.4,2.4,1.77,13881.7
2018-01-01,,13541.3,248.859,4.0,1.41,101.4625,193448.0,1394188.0,1299.0,1317.0,228219.0,147660.0,62.7,34.4,26.72,255.204,101.199,101.007,114.8,2.58,1.56,13900.3
2018-02-01,,13547.3,249.529,4.1,1.42,101.7085,193978.0,1401163.0,1277.0,1321.0,236950.0,148054.0,63.0,34.5,26.74,255.711,101.416,101.198,115.1,2.86,1.68,13949.3
2018-03-01,20044.077,13586.5,249.577,4.0,1.51,102.2067,193972.0,1398064.0,1318.0,1385.0,244343.0,148280.0,62.9,34.5,26.85,256.271,101.524,101.419,115.3,2.84,1.85,14012.7
2018-04-01,,13598.7,250.227,4.0,1.69,103.3329,193486.0,1398213.0,1276.0,1378.0,243872.0,148420.0,62.9,34.5,26.91,256.63,101.766,101.602,115.5,2.87,1.79,14035.9
2018-05-01,,13640.5,250.792,3.8,1.7,102.4024,196163.0,1408616.0,1357.0,1338.0,243168.0,148742.0,62.9,34.5,26.98,257.145,101.941,101.78,115.9,2.98,1.89,14092.4
2018-06-01,20150.476,13653.7,251.018,4.0,1.82,103.198,195296.0,1402036.0,1192.0,1345.0,243778.0,148960.0,63.0,34.5,27.03,257.399,102.029,101.872,116.3,2.91,1.99,14137.2
2018-07-01,,13682.7,251.214,3.8,1.91,103.3646,196304.0,1405164.0,1208.0,1334.0,235786.0,149020.0,63.0,34.5,27.1,257.699,102.137,102.006,116.4,2.89,1.83,14174.6
2018-08-01,,13711.5,251.663,3.8,1.91,104.0327,196074.0,1412014.0,1288.0,1273.0,245657.0,149277.0,62.6,34.5,27.21,257.891,102.208,102.016,116.5,2.89,1.92,14223.2
2018-09-01,20276.154,13687.1,252.182,3.7,1.95,104.1004,194902.0,1411531.0,1250.0,1314.0,247957.0,149358.0,62.8,34.4,27.32,258.368,102.418,102.205,116.7,3.0,1.84,14245.5
2018-10-01,,13727.1,252.772,3.8,2.19,103.9856,196389.0,1406996.0,1221.0,1272.0,238903.0,149527.0,62.9,34.5,27.37,258.917,102.595,102.366,117.5,3.15,2.03,14256.6
2018-11-01,,13800.3,252.594,3.8,2.2,104.0681,197492.0,1411645.0,1181.0,1340.0,235930.0,149617.0,62.9,34.4,27.44,259.439,102.63,102.556,117.4,3.12,2.27,14282.8
2018-12-01,20304.874,13682.3,252.767,3.9,2.27,104.0936,193504.0,1408513.0,1095.0,1317.0,243401.0,149809.0,63.0,34.5,27.56,260.063,102.701,102.735,117.4,2.83,2.45,14386.8
2019-01-01,,13721.7,252.561,4.0,2.4,103.4021,194187.0,1411462.0,1226.0,1254.0,236180.0,150060.0,63.1,34.5,27.59,260.766,102.648,102.87,117.0,2.71,2.38,14459.7
2019-02-01,,13728.5,253.319,3.8,2.4,102.8371,194123.0,1408768.0,1121.0,1286.0,231710.0,150067.0,63.1,34.4,27.69,261.186,102.836,102.963,117.2,2.68,2.22,14506.3
2019-03-01,20431.641,13824.8,254.277,3.8,2.41,102.8757,196358.0,1405640.0,1191.0,1295.0,240465.0,150295.0,63.0,34.5,27.77,261.567,103.069,103.058,117.6,2.57,2.26,14557.5
2019-04-01,,13825.9,255.233,3.7,2.42,102.274,195642.0,1394958.0,1272.0,1322.0,232744.0,150591.0,62.8,34.4,27.79,261.997,103.36,103.265,118.2,2.53,2.14,14594.7
2019-05-01,,13877.1,255.296,3.6,2.39,102.392,197708.0,1403604.0,1293.0,1347.0,224565.0,150618.0,62.9,34.4,27.88,262.217,103.435,103.371,118.3,2.4,2.37,14704.4
2019-06-01,20602.275,13924.1,255.213,3.6,2.38,102.4375,197972.0,1405269.0,1243.0,1299.0,224890.0,150838.0,63.0,34.4,27.97,262.739,103.484,103.56,118.2,2.07,2.31,14802.8
2019-07-01,,13989.9,255.802,3.7,2.4,101.9408,199018.0,1406165.0,1240.0,1379.0,228956.0,150937.0,63.1,34.4,28.03,263.28,103.622,103.678,118.5,2.06,2.13,14886.8
2019-08-01,,14043.6,256.036,3.6,2.13,102.639,200191.0,1409855.0,1375.0,1482.0,230355.0,151169.0,63.1,34.4,28.14,263.877,103.67,103.797,118.6,1.63,2.26,14974.4
2019-09-01,20843.322,14066.2,256.43,3.5,2.04,102.2917,198605.0,1405353.0,1311.0,1469.0,226791.0,151365.0,63.2,34.4,28.16,264.388,103.733,103.873,118.3,1.7,2.2,15047.0
2019-10-01,,14067.2,257.155,3.6,1.83,101.4281,198576.0,1389568.0,1325.0,1523.0,226218.0,151460.0,63.3,34.4,28.24,264.97,103.917,104.028,118.8,1.71,2.18,15184.1
2019-11-01,,14142.8,257.879,3.6,1.55,101.9372,199402.0,1396759.0,1353.0,1535.0,218719.0,151667.0,63.3,34.3,28.34,265.548,104.024,104.092,118.6,1.81,2.08,15296.0
2019-12-01,20985.448,14165.7,258.63,3.6,1.55,101.7003,199461.0,1390886.0,1548.0,1443.0,222265.0,151794.0,63.3,34.3,28.38,266.02,104.307,104.322,119.0,1.86,1.98,15347.5
2020-01-01,,14230.7,259.127,3.6,1.55,101.0338,198790.0,1386608.0,1581.0,1490.0,233656.0,152031.0,63.3,34.3,28.43,266.716,104.49,104.507,119.2,1.76,2.13,15427.1
2020-02-01,,14181.4,259.25,3.5,1.58,101.3735,198777.0,1391224.0,1549.0,1461.0,240355.0,152293.0,63.3,34.3,28.54,267.37,104.573,104.711,118.6,1.5,2.38,15493.4
2020-03-01,20709.212,13249.1,258.076,4.4,0.65,97.4078,181467.0,1330719.0,1266.0,1351.0,204710.0,150895.0,62.6,34.1,28.73,267.054,104.271,104.632,118.0,0.87,3.93,16033.0
2020-04-01,,11798.6,256.032,14.8,0.05,84.5619,156632.0,1177479.0,936.0,1079.0,165166.0,130426.0,60.1,34.2,30.04,265.746,103.838,104.293,116.6,0.66,3.23,17065.3
2020-05-01,,12780.5,255.802,13.2,0.05,85.9604,187039.0,1276086.0,1039.0,1251.0,184417.0,133040.0,60.8,34.7,29.72,265.412,103.942,104.402,117.2,0.67,3.08,17932.9
2020-06-01,19077.992,13476.8,257.042,11.0,0.08,91.5934,201538.0,1373101.0,1266.0,1333.0,202777.0,137671.0,61.5,34.6,29.38,265.849,104.27,104.565,117.5,0.73,2.93,18184.3
2020-07-01,,13683.5,258.352,10.2,0.09,95.0256,203716.0,1411729.0,1526.0,1539.0,223750.0,139255.0,61.5,34.6,29.39,267.389,104.578,104.937,118.2,0.62,2.6,18335.4
2020-08-01,,13793.0,259.316,8.4,0.1,95.9549,204667.0,1413552.0,1396.0,1534.0,226872.0,140821.0,61.7,34.7,29.49,268.422,104.87,105.243,118.4,0.65,2.67,18411.2
2020-09-01,20558.879,13964.6,259.997,7.8,0.09,95.9669,208195.0,1419956.0,1473.0,1650.0,230481.0,141770.0,61.4,34.8,29.51,268.933,105.057,105.41,118.8,0.68,2.75,18602.5
2020-10-01,,14007.1,260.319,6.9,0.09,96.7394,207097.0,1432103.0,1543.0,1612.0,236338.0,142460.0,61.7,34.8,29.54,269.306,105.151,105.507,119.4,0.79,2.61,18757.6
2020-11-01,,13970.3,260.911,6.7,0.09,97.0816,204645.0,1431857.0,1543.0,1692.0,237115.0,142733.0,61.5,34.8,29.64,269.981,105.258,105.605,119.5,0.87,2.29,18997.0
2020-12-01,20791.917,14026.7,262.045,6.7,0.09,98.363,205517.0,1442553.0,1614.0,1755.0,241814.0,142548.0,61.5,34.8,29.91,270.341,105.699,105.896,120.0,0.93,2.18,19115.7
2021-01-01,,14204.7,262.687,6.4,0.09,98.8822,212888.0,1472712.0,1624.0,1856.0,249937.0,142863.0,61.4,35.0,29.93,270.387,106.147,106.281,121.2,1.08,2.17,19379.0
2021-02-01,,14074.1,263.579,6.2,0.08,95.6149,206728.0,1428248.0,1398.0,1703.0,251426.0,143380.0,61.4,34.6,30.05,270.793,106.5,106.501,122.0,1.26,2.12,19641.8
2021-03-01,21082.134,14680.0,264.961,6.1,0.07,98.3856,227800.0,1482801.0,1688.0,1756.0,253805.0,144232.0,61.5,34.9,30.03,271.459,107.054,106.933,122.8,1.61,2.03,19873.2
2021-04-01,,14796.0,266.614,6.1,0.07,98.5587,228405.0,1483733.0,1489.0,1710.0,252613.0,144587.0,61.6,34.9,30.22,273.66,107.618,107.558,124.0,1.64,1.96,20175.3
2021-05-01,,14771.4,268.383,5.8,0.06,99.4333,225529.0,1455876.0,1600.0,1705.0,253009.0,145065.0,61.6,34.9,30.41,275.465,108.175,108.099,125.3,1.62,1.99,20458.8
2021-06-01,21440.929,14892.6,270.654,5.9,0.08,99.7987,226100.0,1460523.0,1664.0,1662.0,258284.0,145820.0,61.7,34.8,30.54,277.651,108.76,108.603,126.2,1.52,1.87,20477.0
2021-07-01,,14869.0,271.903,5.4,0.1,100.2519,221335.0,1465158.0,1600.0,1666.0,259416.0,146762.0,61.8,34.8,30.66,278.648,109.256,109.058,127.486,1.32,1.95,20633.2
2021-08-01,,14970.2,272.676,5.1,0.09,100.0437,222071.0,1451943.0,1596.0,1740.0,264287.0,147314.0,61.7,34.8,30.78,278.997,109.674,109.409,128.603,1.28,1.94,20840.6
2021-09-01,21617.828,14990.6,273.91,4.7,0.08,98.8579,222581.0,1457262.0,1576.0,1649.0,259192.0,147771.0,61.7,34.8,30.98,279.698,110.034,109.641,129.226,1.37,1.85,20981.0
2021-10-01,,15085.5,276.55,4.5,0.08,100.1861,223675.0,1465891.0,1587.0,1699.0,263534.0,148572.0,61.8,34.7,31.14,281.668,110.762,110.188,130.045,1.58,1.69,21160.6
2021-11-01,,15115.9,278.919,4.1,0.08,100.8654,224034.0,1470618.0,1707.0,1770.0,268650.0,149230.0,61.9,34.8,31.23,283.406,111.5,110.77,131.475,1.56,1.81,21335.7
2021-12-01,21988.737,15059.2,280.845,3.9,0.08,100.5726,220740.0,1467940.0,1711.0,1886.0,277487.0,149816.0,62.0,34.9,31.39,285.18,112.191,111.418,132.26,1.47,1.85,21498.7
2022-01-01,,15067.8,282.543,4.0,0.08,100.1856,223509.0,1485162.0,1693.0,1923.0,280925.0,150006.0,62.2,34.5,31.6,286.757,112.805,111.976,133.529,1.76,1.93,21650.0
2022-02-01,,15077.9,284.5,3.9,0.08,100.8064,224289.0,1472992.0,1730.0,1846.0,277036.0,150825.0,62.3,34.7,31.64,288.273,113.471,112.468,134.771,1.93,2.34,21724.8
2022-03-01,21932.71,15156.8,287.674,3.7,0.2,101.3907,226307.0,1470559.0,1700.0,1899.0,277554.0,151315.0,62.4,34.7,31.8,289.056,114.469,112.914,137.037,2.13,1.93,21786.9
2022-04-01,,15235.4,288.561,3.7,0.33,101.44,228788.0,1469438.0,1807.0,1849.0,279157.0,151623.0,62.2,34.6,31.96,290.514,114.812,113.307,137.773,2.75,2.05,21769.4
2022-05-01,,15214.1,291.298,3.6,0.77,101.3335,226520.0,1450168.0,1546.0,1711.0,278740.0,151924.0,62.3,34.6,32.1,292.063,115.525,113.703,139.013,2.9,2.18,21719.2
2022-06-01,21967.045,15223.6,294.957,3.6,1.21,101.018,225834.0,1446858.0,1556.0,1726.0,284763.0,152358.0,62.2,34.6,32.19,294.05,116.638,114.376,140.273,3.14,2.31,21651.1
2022-07-01,,15237.1,294.913,3.5,1.68,101.223,223642.0,1452657.0,1382.0,1707.0,284460.0,153072.0,62.1,34.6,32.34,295.088,116.631,114.628,139.837,2.9,2.36,21652.5
2022-08-01,,15319.8,295.097,3.6,2.33,101.0963,224864.0,1468234.0,1532.0,1565.0,282368.0,153362.0,62.3,34.5,32.44,296.535,116.956,115.276,139.755,2.9,2.18,21638.9
2022-09-01,22125.625,15330.5,296.349,3.5,2.56,101.2918,223336.0,1465161.0,1481.0,1586.0,282430.0,153582.0,62.2,34.6,32.57,298.226,117.371,115.788,140.2,3.52,2.24,21536.7
2022-10-01,,15358.1,298.007,3.6,3.08,101.2529,224381.0,1466963.0,1446.0,1583.0,287071.0,153939.0,62.2,34.6,32.7,299.399,117.919,116.204,140.681,3.98,2.28,21461.4
2022-11-01,,15317.1,298.786,3.6,3.78,100.9552,220712.0,1451828.0,1434.0,1424.0,279095.0,154242.0,62.1,34.5,32.82,300.325,118.224,116.539,141.16,3.89,2.15,21406.3
2022-12-01,22278.345,15303.6,298.832,3.5,4.1,99.7664,218103.0,1465472.0,1296.0,1398.0,293358.0,154342.0,62.3,34.4,32.94,301.394,118.384,116.952,140.694,3.62,1.99,21290.8
2023-01-01,,15501.5,300.42,3.5,4.33,100.505,226434.0,1483458.0,1358.0,1418.0,288874.0,154776.0,62.4,34.6,33.02,302.642,119.018,117.505,141.203,3.53,1.9,21279.4
2023-02-01,,15491.8,301.45,3.6,4.57,100.6416,222973.0,1471736.0,1395.0,1605.0,280693.0,155066.0,62.5,34.5,33.15,304.123,119.369,117.929,141.135,3.75,1.9,21242.6
2023-03-01,22439.607,15494.0,301.821,3.5,4.65,101.0205,220353.0,1459513.0,1366.0,1472.0,289270.0,155134.0,62.6,34.4,33.27,305.147,119.538,118.315,140.736,3.66,2.11,20946.7
2023-04-01,,15541.8,302.845,3.4,4.83,101.253,221398.0,1456995.0,1343.0,1482.0,290168.0,155375.0,62.6,34.4,33.43,306.534,119.951,118.734,140.934,3.46,2.08,20761.3
2023-05-01,,15535.2,303.334,3.6,5.06,100.9286,222165.0,1472101.0,1609.0,1579.0,289707.0,155655.0,62.6,34.4,33.5,307.652,120.15,119.083,140.614,3.57,2.16,20829.6
2023-06-01,22580.499,15584.1,304.014,3.6,5.08,100.1196,222726.0,1472700.0,1420.0,1447.0,303971.0,155880.0,62.6,34.4,33.69,308.322,120.469,119.39,140.698,3.75,1.88,20799.2
2023-07-01,,15658.4,304.609,3.5,5.12,100.9067,222720.0,1482383.0,1464.0,1530.0,293278.0,156043.0,62.6,34.3,33.85,308.96,120.607,119.556,141.485,3.9,1.77,20791.1
2023-08-01,,15668.6,306.082,3.7,5.33,100.8393,223716.0,1482238.0,1321.0,1596.0,289128.0,156261.0,62.8,34.4,33.89,309.58,120.97,119.689,142.409,4.17,1.83,20777.0
2023-09-01,22840.989,15688.7,307.276,3.7,5.33,101.0211,224360.0,1491541.0,1369.0,1530.0,298229.0,156417.0,62.7,34.4,34.01,310.539,121.419,120.058,142.744,4.38,1.78,20747.6
2023-10-01,,15730.9,307.696,3.9,5.33,100.4689,222995.0,1490802.0,1380.0,1524.0,285976.0,156576.0,62.6,34.3,34.08,311.457,121.484,120.241,142.249,4.8,1.85,20733.1
2023-11-01,,15786.9,308.148,3.7,5.33,100.8639,222402.0,1497859.0,1522.0,1513.0,298570.0,156703.0,62.8,34.4,34.17,312.392,121.493,120.374,142.334,4.5,1.67,20746.6
2023-12-01,23033.78,15851.3,308.741,3.8,5.33,100.6031,222282.0,1508602.0,1504.0,1501.0,304324.0,156857.0,62.5,34.4,34.29,313.195,121.66,120.592,142.165,4.02,1.61,20777.9
2024-01-01,,15793.7,309.698,3.7,5.33,99.2223,219716.0,1492936.0,1378.0,1548.0,280614.0,157032.0,62.5,34.2,34.47,314.319,122.23,121.217,142.576,4.06,1.61,20843.7
2024-02-01,,15863.1,310.967,3.9,5.33,100.285,220371.0,1494481.0,1555.0,1570.0,282623.0,157238.0,62.6,34.4,34.52,315.564,122.598,121.537,143.356,4.21,1.55,20926.7
2024-03-01,23082.119,15916.3,312.345,3.9,5.33,100.4575,220154.0,1491307.0,1297.0,1477.0,287423.0,157466.0,62.7,34.4,34.65,316.792,123.038,122.009,143.521,4.21,1.5,20973.4
2024-04-01,,15945.2,313.023,3.9,5.33,100.2434,219665.0,1490484.0,1379.0,1456.0,286972.0,157530.0,62.6,34.2,34.76,317.649,123.341,122.304,144.197,4.54,1.44,20959.6
2024-05-01,,16019.2,313.175,3.9,5.33,100.863,221210.0,1503122.0,1329.0,1405.0,286829.0,157608.0,62.6,34.3,34.89,318.095,123.348,122.383,144.224,4.48,1.46,21020.6
2024-06-01,23286.508,16064.4,313.044,4.1,5.33,100.894,221199.0,1506650.0,1318.0,1459.0,281128.0,157695.0,62.6,34.3,35.01,318.39,123.539,122.677,144.869,4.31,1.55,21068.4
2024-07-01,,16123.8,313.569,4.2,5.33,99.9757,222865.0,1519102.0,1269.0,1448.0,293234.0,157748.0,62.7,34.2,35.08,318.94,123.736,122.911,144.922,4.25,1.68,21095.3
2024-08-01,,16145.7,314.062,4.2,5.33,100.4309,221943.0,1518385.0,1394.0,1492.0,289926.0,157757.0,62.7,34.3,35.22,319.75,123.889,123.128,145.409,3.87,1.69,21186.7
2024-09-01,23478.57,16227.8,314.732,4.1,5.13,99.8084,223382.0,1530455.0,1357.0,1421.0,292469.0,157912.0,62.7,34.3,35.34,320.732,124.164,123.466,145.803,3.72,1.63,21269.5
2024-10-01,,16247.7,315.631,4.1,4.83,99.4695,224404.0,1526325.0,1370.0,1435.0,293266.0,157945.0,62.5,34.2,35.46,321.731,124.494,123.832,146.294,4.1,1.46,21331.9
2024-11-01,,16299.5,316.528,4.2,4.64,99.2925,224894.0,1535297.0,1300.0,1512.0,288340.0,158079.0,62.4,34.3,35.6,322.657,124.637,123.962,146.447,4.36,1.44,21452.2
2024-12-01,23586.542,16415.5,317.604,4.1,4.48,100.3273,225836.0,1547485.0,1494.0,1467.0,290559.0,158316.0,62.5,34.3,35.69,323.259,124.979,124.196,147.052,4.39,1.42,21485.8
2025-01-01,,16316.5,318.961,4.0,4.33,100.0647,222993.0,1531801.0,1353.0,1463.0,291195.0,158268.0,62.6,34.1,35.84,324.638,125.417,124.587,147.975,4.63,1.45,21548.1
2025-02-01,,16297.0,319.679,4.2,4.33,101.0993,222590.0,1542684.0,1491.0,1446.0,293985.0,158310.0,62.5,34.2,35.94,325.465,125.921,125.145,148.233,4.45,1.57,21613.4
2025-03-01,23548.21,16423.9,319.785,4.2,4.33,101.0404,226195.0,1563633.0,1346.0,1492.0,316215.0,158377.0,62.5,34.2,36.11,325.69,125.941,125.267,148.055,4.28,1.76,21693.6
2025-04-01,,16446.9,320.302,4.2,4.33,101.1279,225550.0,1555663.0,1400.0,1445.0,295229.0,158485.0,62.6,34.3,36.12,326.467,126.15,125.502,147.655,4.28,1.96,21775.8
2025-05-01,,16423.9,320.62,4.3,4.33,100.9655,222854.0,1550522.0,1289.0,1416.0,344069.0,158498.0,62.4,34.2,36.28,326.893,126.38,125.79,148.153,4.42,1.84,21833.9
2025-06-01,23770.976,16466.3,321.435,4.1,4.33,101.4785,224047.0,1556845.0,1379.0,1399.0,311761.0,158478.0,62.3,34.2,36.36,327.658,126.743,126.121,148.393,4.38,1.75,21938.7
2025-07-01,,16547.5,322.169,4.3,4.33,101.894,225884.0,1565953.0,1432.0,1400.0,303032.0,158542.0,62.2,34.2,36.47,328.682,126.96,126.43,149.597,4.39,1.67,22020.4
2025-08-01,,16595.8,323.291,4.3,4.33,101.6247,226329.0,1562681.0,1291.0,1347.0,312138.0,158472.0,62.3,34.2,36.62,329.7,127.293,126.714,149.327,4.26,1.8,22087.1
2025-09-01,24026.834,16614.3,324.245,4.4,4.22,101.668,225814.0,1551628.0,1319.0,1444.0,314147.0,158548.0,62.5,34.2,36.7,330.418,127.625,126.954,150.245,4.12,1.67,22170.4
2025-10-01,,16649.3,,,4.09,101.2195,,1554556.0,1273.0,1418.0,307570.0,158408.0,,34.2,36.85,,127.871,127.243,150.439,4.06,1.69,22245.1
2025-11-01,,16665.7,325.063,4.5,3.88,101.0344,226023.0,1554595.0,1319.0,1414.0,324305.0,158449.0,62.5,34.3,37.0,331.043,128.152,127.469,151.054,4.09,1.78,22277.3
2025-12-01,24055.749,16680.7,326.031,4.4,3.72,101.4941,225352.0,1569176.0,1378.0,1482.0,321342.0,158432.0,62.4,34.2,37.02,331.814,128.576,127.886,151.592,4.14,1.72,22353.4
2026-01-01,,16648.5,326.588,4.3,3.64,101.1235,224902.0,1581144.0,1385.0,1393.0,319975.0,158592.0,62.1,34.3,37.15,332.793,129.023,128.455,152.468,4.21,1.62,22429.3
2026-02-01,,16684.6,327.46,4.4,3.64,101.9493,226372.0,1592277.0,1346.0,1540.0,316233.0,158436.0,62.0,34.3,37.27,333.512,129.539,128.961,153.204,4.13,1.8,22626.9
2026-03-01,24180.419,16730.1,330.293,4.3,3.64,101.6273,228286.0,1589933.0,1522.0,1363.0,320485.0,158650.0,61.9,34.2,37.35,334.165,130.403,129.343,154.405,4.25,1.79,22686.2
2026-04-01,,16729.6,332.407,4.3,3.64,102.509,228364.0,1575604.0,1392.0,1423.0,347767.0,158798.0,61.8,34.3,37.41,335.423,130.938,129.667,156.03,4.32,1.7,22804.5
2026-05-01,,16773.4,333.979,4.3,3.63,102.6475,229618.0,,1177.0,1410.0,332218.0,158927.0,61.8,34.3,37.51,336.121,131.527,130.082,157.001,4.48,1.57,23052.3
2026-06-01,,,332.568,4.2,3.63,,231096.0,,,,,158984.0,61.5,34.3,37.64,336.065,,,156.566,4.47,1.53,
2026-07-01,,,,,,,,,,,,,,,,,,,,,1.6,
